transaction_amount,transaction_type,account_balance,device_type,location,merchant_category,ip_address_flag,previous_fraudulent_activity,daily_transaction_count,avg_transaction_amount_7d,failed_transaction_count_7d,card_type,card_age,transaction_distance,authentication_method,is_weekend,year,month,day,hour,day_of_week,actual_fraud_label,logistic_regression_balanced_pred,logistic_regression_balanced_fraud_probability,random_forest_pred,random_forest_fraud_probability,random_forest_balanced_pred,random_forest_balanced_fraud_probability,xgboost_weighted_pred,xgboost_weighted_fraud_probability,model_risk_score,scored_transaction_id,risk_level,recommended_action
36.91,POS,27861.91,Tablet,Sydney,Travel,0,0,13,103.37,4,Mastercard,232,2192.1,OTP,1,2023,1,9,15,0,1,1,0.8086105729443015,1,0.9105628958463224,1,0.8954119843170765,1,0.99978286,91.05628958463224,SCORED_TXN_09199,High,Manual Review / Alert
83.78,Bank Transfer,4237.17,Mobile,New York,Restaurants,0,1,2,364.05,4,Mastercard,50,2953.33,Password,0,2023,5,10,4,2,1,1,0.8053880630127581,1,0.9085241322357368,1,0.8715974610951658,1,0.9997764,90.85241322357368,SCORED_TXN_05883,High,Manual Review / Alert
50.94,Online,69735.15,Tablet,Mumbai,Clothing,0,0,13,51.46,4,Amex,31,3320.42,PIN,0,2023,7,28,13,4,1,1,0.8122569921055424,1,0.907260777260678,1,0.8816840168781049,1,0.9997836,90.7260777260678,SCORED_TXN_09543,High,Manual Review / Alert
63.85,Bank Transfer,13306.11,Tablet,New York,Restaurants,1,0,10,101.67,4,Visa,112,1051.66,Password,1,2023,3,16,9,3,1,1,0.8039098158801122,1,0.9049541073399556,1,0.9138846037664412,1,0.9997689,90.49541073399556,SCORED_TXN_03578,High,Manual Review / Alert
290.29,Online,73781.65,Tablet,London,Restaurants,0,0,9,205.67,4,Mastercard,201,228.23,PIN,0,2023,9,16,5,5,1,1,0.8078343251622279,1,0.903198715900102,1,0.9025160807236516,1,0.9997907,90.31987159001021,SCORED_TXN_02398,High,Manual Review / Alert
41.9,ATM Withdrawal,30477.23,Mobile,Tokyo,Clothing,0,0,13,48.59,4,Visa,217,1995.45,OTP,0,2023,12,20,9,2,1,1,0.8024802711133767,1,0.902826686019653,1,0.9134192954253332,1,0.99978,90.2826686019653,SCORED_TXN_06497,High,Manual Review / Alert
29.87,POS,52469.64,Tablet,London,Electronics,0,0,12,135.86,4,Amex,168,3229.3,OTP,0,2023,11,1,17,2,1,1,0.803032246109498,1,0.9025213999644954,1,0.893950173160144,1,0.99976414,90.25213999644954,SCORED_TXN_06955,High,Manual Review / Alert
35.48,ATM Withdrawal,47371.91,Laptop,New York,Electronics,0,0,14,190.61,4,Discover,20,2407.72,Password,0,2023,7,15,17,5,1,1,0.8116823825975444,1,0.9015590659115568,1,0.9024964444646598,1,0.9997949,90.15590659115567,SCORED_TXN_07689,High,Manual Review / Alert
131.47,ATM Withdrawal,96436.96,Laptop,New York,Clothing,0,0,14,296.85,4,Amex,150,180.31,OTP,0,2023,2,7,14,1,1,1,0.8027173561670602,1,0.9015011724073744,1,0.8819575313361855,1,0.9997824,90.15011724073744,SCORED_TXN_09687,High,Manual Review / Alert
264.56,POS,60516.06,Tablet,Sydney,Restaurants,0,1,12,104.66,4,Mastercard,130,182.31,Password,0,2023,11,19,16,6,1,1,0.8012956971274089,1,0.8999092367371443,1,0.8956786257288963,1,0.9997694,89.99092367371443,SCORED_TXN_07737,High,Manual Review / Alert
30.83,Online,95849.06,Tablet,New York,Groceries,0,0,11,448.88,4,Mastercard,62,1602.91,Password,1,2023,10,20,4,4,1,1,0.8033578286416146,1,0.8982886247684336,1,0.9004881932815894,1,0.99978536,89.82886247684337,SCORED_TXN_01060,High,Manual Review / Alert
29.54,ATM Withdrawal,40610.02,Laptop,Mumbai,Electronics,1,0,1,46.73,4,Discover,27,1043.35,Password,0,2023,11,2,3,3,1,1,0.8003610203885356,1,0.8981149567097952,1,0.9271036760710296,1,0.9997677,89.81149567097953,SCORED_TXN_02175,High,Manual Review / Alert
71.49,Online,18888.62,Mobile,New York,Restaurants,0,0,11,114.23,4,Visa,21,2898.0,OTP,1,2023,11,23,17,3,1,1,0.8157464353629091,1,0.898104815310797,1,0.902454141714374,1,0.99978524,89.8104815310797,SCORED_TXN_05412,High,Manual Review / Alert
26.38,Online,90780.34,Laptop,Tokyo,Travel,0,0,8,314.13,4,Mastercard,233,3413.24,PIN,0,2023,9,15,12,4,1,1,0.8049683237592445,1,0.8980968118456243,1,0.926685831312062,1,0.99978274,89.80968118456244,SCORED_TXN_08332,High,Manual Review / Alert
15.76,ATM Withdrawal,95176.56,Laptop,New York,Groceries,0,0,12,230.77,4,Amex,63,1152.3,PIN,0,2023,11,22,7,2,1,1,0.7992201511281638,1,0.8958893548925834,1,0.8893123820080983,1,0.9997658,89.58893548925833,SCORED_TXN_01476,High,Manual Review / Alert
21.26,ATM Withdrawal,41194.98,Mobile,Tokyo,Restaurants,0,0,12,243.56,4,Mastercard,147,501.94,PIN,1,2023,6,6,4,1,1,1,0.801329606710241,1,0.8958288857510882,1,0.9106095709400024,1,0.99977845,89.58288857510883,SCORED_TXN_06606,High,Manual Review / Alert
130.4,POS,87032.32,Laptop,London,Electronics,0,0,13,114.14,4,Amex,8,2563.59,OTP,0,2023,9,10,6,6,1,1,0.7927452100434333,1,0.8942844466410106,1,0.8768496913373423,1,0.9997814,89.42844466410106,SCORED_TXN_09738,High,Manual Review / Alert
127.46,Online,27344.86,Laptop,New York,Electronics,1,0,13,461.16,4,Amex,176,4264.92,OTP,1,2023,10,5,5,3,1,1,0.8046966040587765,1,0.8940855368989225,1,0.8741296645042673,1,0.99977154,89.40855368989224,SCORED_TXN_04558,High,Manual Review / Alert
89.03,POS,96899.82,Mobile,Mumbai,Groceries,0,0,5,338.34,4,Mastercard,14,296.3,PIN,0,2023,11,29,4,2,1,1,0.7883019388024323,1,0.8933939140834756,1,0.8801506571798448,1,0.9997937,89.33939140834755,SCORED_TXN_06271,High,Manual Review / Alert
44.26,POS,65685.8,Laptop,London,Clothing,0,0,11,160.89,4,Amex,200,2376.4,Biometric,1,2023,1,20,5,4,1,1,0.7993078513837515,1,0.8932173061662427,1,0.8807539637190971,1,0.9997782,89.32173061662428,SCORED_TXN_01401,High,Manual Review / Alert
21.97,Online,28194.3,Mobile,Tokyo,Groceries,0,0,2,421.51,4,Visa,111,2905.92,OTP,0,2023,4,18,23,1,1,1,0.8103788219294337,1,0.8930717609398369,1,0.8711469865630619,1,0.99977833,89.30717609398368,SCORED_TXN_03597,High,Manual Review / Alert
197.65,POS,29801.64,Mobile,London,Groceries,0,0,12,318.72,4,Discover,182,4089.69,OTP,0,2023,1,21,19,5,1,1,0.8131784458664065,1,0.8926418305791065,1,0.8841534116244018,1,0.9997763,89.26418305791066,SCORED_TXN_01704,High,Manual Review / Alert
83.19,ATM Withdrawal,26042.6,Tablet,London,Restaurants,0,0,10,349.39,4,Mastercard,69,4030.54,Biometric,0,2023,7,8,5,5,1,1,0.8228852107505028,1,0.8919711835220023,1,0.9179613598724146,1,0.99978024,89.19711835220023,SCORED_TXN_06128,High,Manual Review / Alert
9.56,Bank Transfer,43704.2,Laptop,New York,Groceries,0,0,10,129.33,4,Mastercard,168,2031.2,Password,1,2023,3,22,6,2,1,1,0.8016898818623844,1,0.8918920789986537,1,0.9084350597699714,1,0.99975556,89.18920789986538,SCORED_TXN_08206,High,Manual Review / Alert
39.97,POS,5507.5,Mobile,New York,Travel,0,0,14,168.27,4,Amex,126,2308.24,Password,1,2023,7,31,1,0,1,1,0.7962273201571292,1,0.8916123083743198,1,0.8788610400354604,1,0.99978465,89.16123083743199,SCORED_TXN_08389,High,Manual Review / Alert
11.45,Bank Transfer,55318.77,Tablet,London,Restaurants,0,0,13,174.96,4,Amex,237,1999.99,OTP,0,2023,5,27,0,5,1,1,0.818347381355043,1,0.8913303391957081,1,0.8962661489278543,1,0.99977666,89.13303391957082,SCORED_TXN_03385,High,Manual Review / Alert
18.8,Online,42262.52,Laptop,New York,Clothing,0,0,8,310.26,4,Amex,239,3029.28,Biometric,0,2023,10,20,9,4,1,1,0.8161544389889634,1,0.8905362926936617,1,0.9139487777512838,1,0.99979264,89.05362926936617,SCORED_TXN_00714,High,Manual Review / Alert
13.16,Online,5012.54,Laptop,Mumbai,Electronics,0,0,14,167.5,4,Amex,147,3059.25,PIN,0,2023,2,1,15,2,1,1,0.8056471604650689,1,0.890513060126226,1,0.908522632474196,1,0.99976677,89.0513060126226,SCORED_TXN_03279,High,Manual Review / Alert
45.72,ATM Withdrawal,66716.16,Tablet,Tokyo,Groceries,0,0,12,490.2,4,Mastercard,58,1158.0,OTP,0,2023,11,29,18,2,1,1,0.8137729461649306,1,0.8900855071919077,1,0.8858594498797696,1,0.999782,89.00855071919077,SCORED_TXN_04751,High,Manual Review / Alert
28.61,Online,5318.39,Laptop,Tokyo,Travel,0,0,13,219.61,4,Amex,154,4146.5,Password,0,2023,3,7,3,1,1,1,0.8018246467795831,1,0.8898820905226891,1,0.8836238954781389,1,0.9997682,88.98820905226891,SCORED_TXN_03402,High,Manual Review / Alert
69.71,ATM Withdrawal,68465.26,Mobile,Tokyo,Groceries,0,1,12,468.53,4,Amex,63,3206.8,OTP,0,2023,6,9,22,4,1,1,0.8055957909608296,1,0.8892260536116386,1,0.887531667035433,1,0.9997719,88.92260536116386,SCORED_TXN_01504,High,Manual Review / Alert
115.34,POS,92941.37,Tablet,Tokyo,Electronics,0,0,2,398.4,4,Discover,16,3186.77,OTP,1,2023,2,6,3,0,1,1,0.7984769539634778,1,0.8891627305047447,1,0.8861381347808863,1,0.99976844,88.91627305047447,SCORED_TXN_03621,High,Manual Review / Alert
13.69,ATM Withdrawal,84782.49,Mobile,New York,Restaurants,0,0,5,78.43,4,Mastercard,106,3061.85,Password,0,2023,11,15,21,2,1,1,0.8172621785990541,1,0.8885907225884212,1,0.8973190212734086,1,0.99975926,88.85907225884212,SCORED_TXN_07717,High,Manual Review / Alert
119.94,Bank Transfer,9426.99,Tablet,London,Electronics,0,0,9,280.9,4,Visa,199,3405.97,OTP,0,2023,1,4,3,2,1,1,0.802530319048228,1,0.8884762817767322,1,0.8821324930347298,1,0.9997732,88.84762817767322,SCORED_TXN_06664,High,Manual Review / Alert
20.85,ATM Withdrawal,38321.12,Tablet,New York,Travel,0,0,14,463.35,4,Visa,84,1908.54,Password,0,2023,3,22,21,2,1,1,0.810555344078604,1,0.8883513605085595,1,0.8944397019494086,1,0.9997632,88.83513605085595,SCORED_TXN_00676,High,Manual Review / Alert
93.25,Online,36358.78,Laptop,Tokyo,Restaurants,0,0,8,461.56,4,Amex,197,1112.56,OTP,0,2023,7,2,19,6,1,1,0.8194718727930751,1,0.8883512581967328,1,0.8940479893981382,1,0.9997843,88.83512581967328,SCORED_TXN_04874,High,Manual Review / Alert
56.31,ATM Withdrawal,82968.39,Tablet,Mumbai,Restaurants,0,0,3,51.79,4,Mastercard,32,1342.69,PIN,0,2023,9,22,7,4,1,1,0.8178228336305704,1,0.8881493867524866,1,0.8989951514915407,1,0.9997856,88.81493867524865,SCORED_TXN_09181,High,Manual Review / Alert
76.95,POS,2870.97,Mobile,Sydney,Groceries,0,0,8,308.44,4,Mastercard,42,3317.5,Password,0,2023,12,5,2,1,1,1,0.7931495248615926,1,0.887713086686399,1,0.8953597510889095,1,0.9997707,88.7713086686399,SCORED_TXN_05014,High,Manual Review / Alert
119.33,ATM Withdrawal,12456.27,Tablet,Mumbai,Electronics,0,0,12,49.73,4,Mastercard,153,534.37,Password,0,2023,5,5,16,4,1,1,0.8109903270331941,1,0.887602280526533,1,0.8919375363029757,1,0.99976677,88.7602280526533,SCORED_TXN_02002,High,Manual Review / Alert
133.43,Online,88416.65,Tablet,London,Restaurants,0,0,5,324.28,4,Mastercard,59,670.57,Biometric,0,2023,7,20,3,3,1,1,0.8117540860030508,1,0.8870617476381321,1,0.9249310495632342,1,0.99979,88.70617476381321,SCORED_TXN_01992,High,Manual Review / Alert
105.14,POS,25564.64,Tablet,Sydney,Electronics,0,1,4,243.03,4,Discover,24,94.03,PIN,0,2023,3,19,0,6,1,1,0.7985103336556443,1,0.8869420496783695,1,0.8676719779296772,1,0.9997856,88.69420496783695,SCORED_TXN_06600,High,Manual Review / Alert
36.07,Bank Transfer,59178.45,Laptop,New York,Groceries,0,0,11,234.27,4,Discover,142,2356.75,OTP,0,2023,12,8,2,4,1,1,0.8062557844542013,1,0.8869107286292466,1,0.9120864306110222,1,0.99977,88.69107286292466,SCORED_TXN_04800,High,Manual Review / Alert
170.26,Bank Transfer,29500.42,Tablet,New York,Travel,0,0,11,262.99,4,Mastercard,197,2402.64,Password,0,2023,12,20,15,2,1,1,0.8101570486165479,1,0.8866900843802192,1,0.9110913571405532,1,0.9997658,88.66900843802192,SCORED_TXN_04685,High,Manual Review / Alert
67.95,Bank Transfer,95171.43,Tablet,New York,Restaurants,0,0,5,423.86,4,Mastercard,72,2508.32,PIN,1,2023,3,18,11,5,1,1,0.8163399352455224,1,0.8863611737024051,1,0.9329080460266262,1,0.9997743,88.63611737024051,SCORED_TXN_00242,High,Manual Review / Alert
31.63,POS,12653.83,Tablet,New York,Travel,0,0,12,263.36,4,Visa,134,1111.27,Password,0,2023,9,12,13,1,1,1,0.7947916461313036,1,0.886348266399206,1,0.921030756963887,1,0.9997689,88.6348266399206,SCORED_TXN_04467,High,Manual Review / Alert
68.15,POS,83307.73,Mobile,Mumbai,Clothing,0,0,14,385.28,4,Discover,156,556.19,PIN,0,2023,2,16,16,3,1,1,0.7963823296533383,1,0.8861842715957631,1,0.896217944778296,1,0.99976045,88.61842715957631,SCORED_TXN_07675,High,Manual Review / Alert
4.08,Bank Transfer,16629.73,Mobile,New York,Electronics,0,0,5,172.98,4,Discover,40,421.45,PIN,1,2023,8,18,3,4,1,1,0.8043462605880095,1,0.8859288864420537,1,0.916183194998719,1,0.9997713,88.59288864420537,SCORED_TXN_06639,High,Manual Review / Alert
16.97,Bank Transfer,58283.35,Mobile,New York,Electronics,0,0,7,380.45,4,Visa,129,2522.2,Password,1,2023,12,22,10,4,1,1,0.7977592335807023,1,0.8857810145773631,1,0.8941850105163531,1,0.999777,88.57810145773631,SCORED_TXN_03275,High,Manual Review / Alert
133.31,Online,92669.98,Laptop,London,Restaurants,0,1,11,149.26,4,Discover,56,626.8,Password,0,2023,9,18,10,0,1,1,0.7933519267689277,1,0.8857492716050223,1,0.9034580084918716,1,0.9997954,88.57492716050223,SCORED_TXN_04115,High,Manual Review / Alert
15.22,ATM Withdrawal,5031.92,Laptop,Mumbai,Electronics,0,1,9,268.86,4,Amex,55,375.04,OTP,0,2023,11,27,7,0,1,1,0.8035269410603068,1,0.8856798799934099,1,0.8803747837870104,1,0.9997882,88.56798799934099,SCORED_TXN_02750,High,Manual Review / Alert
114.32,ATM Withdrawal,96899.08,Tablet,Mumbai,Clothing,0,0,14,143.34,4,Mastercard,102,623.65,PIN,1,2023,5,4,10,3,1,1,0.8003457365634581,1,0.8854720374130209,1,0.903115365280982,1,0.99978596,88.5472037413021,SCORED_TXN_09006,High,Manual Review / Alert
179.01,Bank Transfer,21654.51,Tablet,London,Restaurants,0,0,9,264.44,4,Mastercard,6,1521.7,Password,0,2023,9,15,2,4,1,1,0.8072749910377355,1,0.8853749905264242,1,0.9010524658709532,1,0.99977726,88.53749905264242,SCORED_TXN_09577,High,Manual Review / Alert
149.94,Bank Transfer,85786.62,Laptop,Tokyo,Travel,0,0,10,289.6,4,Visa,113,1690.74,PIN,1,2023,9,15,14,4,1,1,0.7892434477636375,1,0.8853556018321538,1,0.9148008489146032,1,0.99979204,88.53556018321538,SCORED_TXN_01569,High,Manual Review / Alert
18.21,ATM Withdrawal,47542.43,Tablet,New York,Clothing,0,0,5,175.3,4,Visa,150,3672.24,PIN,0,2023,11,22,11,2,1,1,0.8116030379353326,1,0.8852119160746572,1,0.8934235144325785,1,0.99977225,88.52119160746572,SCORED_TXN_08566,High,Manual Review / Alert
14.79,ATM Withdrawal,94928.62,Mobile,Tokyo,Travel,0,0,11,314.99,4,Discover,101,955.95,OTP,0,2023,6,18,23,6,1,1,0.81684496219157,1,0.885115921616779,1,0.9026016898841654,1,0.9997849,88.5115921616779,SCORED_TXN_09580,High,Manual Review / Alert
78.2,ATM Withdrawal,12086.07,Mobile,New York,Clothing,0,0,12,294.29,4,Mastercard,66,1145.88,Biometric,1,2023,10,2,3,0,1,1,0.8013509488355711,1,0.885016092640377,1,0.8946473684297029,1,0.9997776,88.5016092640377,SCORED_TXN_02146,High,Manual Review / Alert
139.29,Online,68201.28,Tablet,Sydney,Travel,0,0,9,330.35,4,Mastercard,167,4216.9,Password,0,2023,3,23,14,3,1,1,0.8165730166890319,1,0.8847542706077013,1,0.9111632451984027,1,0.99978274,88.47542706077013,SCORED_TXN_00385,High,Manual Review / Alert
23.88,ATM Withdrawal,73296.47,Mobile,Tokyo,Clothing,1,0,13,267.1,4,Visa,117,4380.65,OTP,0,2023,2,4,7,5,1,1,0.7982002039099758,1,0.8845993382335593,1,0.8724744565901372,1,0.99977607,88.45993382335593,SCORED_TXN_03538,High,Manual Review / Alert
75.77,Bank Transfer,62361.93,Laptop,Tokyo,Clothing,0,0,5,411.34,4,Amex,158,382.51,OTP,1,2023,7,31,1,0,1,1,0.7998846195684962,1,0.8845732899895888,1,0.8770549415960278,1,0.99980015,88.45732899895889,SCORED_TXN_04230,High,Manual Review / Alert
37.86,ATM Withdrawal,63997.42,Laptop,Tokyo,Travel,0,1,14,278.63,4,Visa,126,1456.4,Password,0,2023,12,22,0,4,1,1,0.7845707209531955,1,0.8842581257668399,1,0.9004433857465676,1,0.99979085,88.425812576684,SCORED_TXN_04957,High,Manual Review / Alert
0.14,POS,31156.62,Mobile,London,Restaurants,0,0,5,315.16,4,Discover,116,1716.03,PIN,1,2023,10,28,15,5,1,1,0.8141556768339608,1,0.8839981145116823,1,0.8756218258153975,1,0.9998234,88.39981145116823,SCORED_TXN_00079,High,Manual Review / Alert
35.98,ATM Withdrawal,96191.93,Laptop,Tokyo,Restaurants,0,0,14,348.6,4,Discover,221,145.96,OTP,0,2023,7,28,15,4,1,1,0.8184065793487749,1,0.8839155068257287,1,0.8973304971012076,1,0.9997969,88.39155068257287,SCORED_TXN_03500,High,Manual Review / Alert
211.51,Online,50013.76,Laptop,New York,Travel,0,0,14,404.82,4,Amex,217,972.73,Password,0,2023,5,29,5,0,1,1,0.799908049336262,1,0.8838396408258562,1,0.9004862229052611,1,0.99978274,88.38396408258562,SCORED_TXN_02849,High,Manual Review / Alert
42.2,POS,57644.83,Mobile,New York,Electronics,0,0,13,118.27,4,Discover,124,2566.05,Biometric,0,2023,2,9,7,3,1,1,0.800182441883739,1,0.8837983076913242,1,0.905015236559686,1,0.99977237,88.37983076913241,SCORED_TXN_03493,High,Manual Review / Alert
13.92,Online,65478.92,Laptop,New York,Travel,0,0,12,145.78,4,Discover,29,2633.1,PIN,0,2023,8,14,3,0,1,1,0.7998278816555694,1,0.8837523939464895,1,0.9051344368083124,1,0.9997695,88.37523939464896,SCORED_TXN_01880,High,Manual Review / Alert
110.69,ATM Withdrawal,22654.87,Tablet,Tokyo,Restaurants,0,0,12,136.1,4,Mastercard,205,1261.08,Password,0,2023,4,12,19,2,1,1,0.8172688291848598,1,0.8837416139180583,1,0.8970423399207109,1,0.9997788,88.37416139180583,SCORED_TXN_00082,High,Manual Review / Alert
30.82,Online,76458.38,Tablet,London,Restaurants,0,0,14,108.06,4,Mastercard,101,2794.58,Password,0,2023,1,28,19,5,1,1,0.8193099949419418,1,0.883687490549317,1,0.9069967410587496,1,0.999775,88.3687490549317,SCORED_TXN_02172,High,Manual Review / Alert
246.32,ATM Withdrawal,29156.98,Tablet,Sydney,Groceries,0,0,12,112.18,4,Amex,126,4011.58,Password,0,2023,3,16,11,3,1,1,0.8147986142040083,1,0.8836028185824186,1,0.8844391424762106,1,0.999777,88.36028185824186,SCORED_TXN_00897,High,Manual Review / Alert
17.87,ATM Withdrawal,29456.31,Laptop,Mumbai,Restaurants,0,0,13,351.85,4,Mastercard,184,2667.04,Password,0,2023,12,8,21,4,1,1,0.8191172620407536,1,0.8833907818109262,1,0.9160004167797482,1,0.9997801,88.33907818109262,SCORED_TXN_03002,High,Manual Review / Alert
99.91,Online,80724.06,Tablet,Tokyo,Travel,0,0,14,429.64,4,Visa,202,102.83,Biometric,0,2023,11,19,5,6,1,1,0.8000328458048022,1,0.883335289283993,1,0.8809991932254079,1,0.99977833,88.33352892839929,SCORED_TXN_00065,High,Manual Review / Alert
98.4,POS,65562.76,Tablet,Tokyo,Groceries,0,0,1,62.04,4,Mastercard,88,918.62,PIN,0,2023,12,8,1,4,1,1,0.7925777130601228,1,0.8831521129272328,1,0.9111246301329048,1,0.99979407,88.31521129272329,SCORED_TXN_06647,High,Manual Review / Alert
18.02,Online,23114.56,Tablet,New York,Restaurants,0,0,2,77.68,4,Amex,88,3420.64,PIN,0,2023,10,5,1,3,1,1,0.8186196261231102,1,0.8831413681092666,1,0.892240818381905,1,0.99976474,88.31413681092666,SCORED_TXN_08034,High,Manual Review / Alert
29.89,POS,20999.57,Mobile,London,Restaurants,0,0,10,113.5,4,Discover,7,2676.22,OTP,0,2023,9,3,20,6,1,1,0.8157339975580811,1,0.8829125967238916,1,0.9003457063531888,1,0.9997743,88.29125967238916,SCORED_TXN_05187,High,Manual Review / Alert
184.61,Bank Transfer,19847.71,Tablet,New York,Groceries,0,0,10,138.55,4,Amex,29,3695.82,OTP,0,2023,3,6,3,0,1,1,0.8070902389964293,1,0.8828676576906527,1,0.8968943147591094,1,0.9997787,88.28676576906527,SCORED_TXN_06243,High,Manual Review / Alert
48.87,POS,21665.69,Tablet,Sydney,Restaurants,0,0,14,175.06,4,Amex,137,2261.8,PIN,1,2023,4,20,14,3,1,1,0.8132032237509796,1,0.8828539725211966,1,0.9135801087479878,1,0.99977034,88.28539725211965,SCORED_TXN_01904,High,Manual Review / Alert
8.22,ATM Withdrawal,47072.83,Laptop,Tokyo,Electronics,0,0,9,85.94,4,Amex,91,4383.64,Password,1,2023,11,24,23,4,1,1,0.813690495424414,1,0.8826969821611439,1,0.8860328208284413,1,0.9997869,88.26969821611439,SCORED_TXN_07262,High,Manual Review / Alert
131.33,Bank Transfer,20429.64,Mobile,Tokyo,Restaurants,0,0,12,54.49,4,Amex,22,3649.17,PIN,0,2023,6,10,14,5,1,1,0.8093817965530052,1,0.882583439120252,1,0.86757490997305,1,0.99976975,88.2583439120252,SCORED_TXN_09813,High,Manual Review / Alert
37.0,ATM Withdrawal,58364.8,Tablet,New York,Electronics,0,0,13,276.91,4,Discover,48,3989.93,Password,0,2023,8,6,8,6,1,1,0.8150073615078394,1,0.8825577394342675,1,0.9217978160930924,1,0.99977344,88.25577394342675,SCORED_TXN_06716,High,Manual Review / Alert
51.65,Bank Transfer,18994.81,Tablet,Tokyo,Travel,1,1,2,264.96,4,Visa,238,360.69,PIN,0,2023,9,2,12,5,1,1,0.7911064532236968,1,0.8824499635720667,1,0.8896340997455066,1,0.9997824,88.24499635720667,SCORED_TXN_04766,High,Manual Review / Alert
22.29,Bank Transfer,13818.4,Tablet,London,Groceries,0,0,11,296.18,4,Visa,16,1208.13,PIN,0,2023,4,30,5,6,1,1,0.8018574690064834,1,0.882359235063289,1,0.9046368510264828,1,0.99978966,88.2359235063289,SCORED_TXN_05564,High,Manual Review / Alert
94.19,Online,33331.52,Laptop,Tokyo,Electronics,0,0,11,404.98,4,Mastercard,40,3163.47,Password,0,2023,9,18,0,0,1,1,0.7932259046278869,1,0.8823133275572199,1,0.8986435896999375,1,0.999785,88.231332755722,SCORED_TXN_04421,High,Manual Review / Alert
6.73,ATM Withdrawal,60708.39,Mobile,London,Travel,0,0,11,283.74,4,Mastercard,197,4132.75,Password,0,2023,10,14,16,5,1,1,0.8120571035079751,1,0.8821838242406214,1,0.9109626615700228,1,0.999785,88.21838242406214,SCORED_TXN_00245,High,Manual Review / Alert
144.63,Bank Transfer,15227.64,Mobile,London,Groceries,0,0,14,203.86,4,Amex,144,3172.81,PIN,1,2023,2,14,13,1,1,1,0.7989603904280819,1,0.8821474165168598,1,0.898205925499283,1,0.99978,88.21474165168598,SCORED_TXN_09757,High,Manual Review / Alert
79.18,Online,18481.85,Mobile,Mumbai,Groceries,0,0,11,153.86,4,Amex,97,650.22,Password,0,2023,10,2,10,0,1,1,0.7959930818169105,1,0.8820141851849485,1,0.9074341649709504,1,0.9997819,88.20141851849485,SCORED_TXN_00117,High,Manual Review / Alert
23.39,Bank Transfer,86338.64,Laptop,Mumbai,Travel,0,1,12,182.71,4,Discover,215,4032.38,OTP,0,2023,7,30,16,6,1,1,0.814706637181815,1,0.8820035848468357,1,0.905917019642818,1,0.9997744,88.20035848468358,SCORED_TXN_07190,High,Manual Review / Alert
82.24,ATM Withdrawal,89897.15,Laptop,Tokyo,Restaurants,0,0,14,425.04,4,Discover,89,107.64,Password,0,2023,10,10,18,1,1,1,0.8040916591517083,1,0.8819651153046099,1,0.8814855931232829,1,0.99980015,88.19651153046098,SCORED_TXN_07684,High,Manual Review / Alert
52.94,Bank Transfer,86791.52,Tablet,New York,Electronics,0,0,10,302.09,4,Visa,184,470.32,Password,0,2023,1,21,9,5,1,1,0.798705573188827,1,0.8819324009067127,1,0.8872061532647407,1,0.9997738,88.19324009067127,SCORED_TXN_05112,High,Manual Review / Alert
86.02,Bank Transfer,28929.61,Tablet,Mumbai,Electronics,0,0,12,320.75,4,Amex,25,2606.44,OTP,0,2023,2,4,15,5,1,1,0.8140855874403671,1,0.8819170716413087,1,0.9160643140665028,1,0.99980336,88.19170716413088,SCORED_TXN_06973,High,Manual Review / Alert
158.48,ATM Withdrawal,62937.62,Laptop,Tokyo,Restaurants,0,0,14,111.17,4,Discover,235,646.14,Password,1,2023,12,4,19,0,1,1,0.8050716895210545,1,0.8819158577260467,1,0.9028474951525556,1,0.9997876,88.19158577260467,SCORED_TXN_06759,High,Manual Review / Alert
17.38,ATM Withdrawal,27221.21,Mobile,London,Clothing,0,0,10,276.53,4,Discover,135,3316.87,Biometric,0,2023,4,14,3,4,1,1,0.8146800989125156,1,0.8818859024744837,1,0.9172346309813504,1,0.9997745,88.18859024744837,SCORED_TXN_09646,High,Manual Review / Alert
92.83,POS,71194.52,Laptop,Tokyo,Electronics,0,0,12,150.32,4,Visa,198,4279.3,Biometric,1,2023,12,22,20,4,1,1,0.7962224203687757,1,0.8818555043876017,1,0.8705056256792133,1,0.9997687,88.18555043876017,SCORED_TXN_01100,High,Manual Review / Alert
137.47,ATM Withdrawal,66082.15,Tablet,New York,Clothing,0,0,13,426.69,4,Amex,150,1458.74,PIN,0,2023,9,24,16,6,1,1,0.8161584877688537,1,0.8818280380070456,1,0.8974064392397669,1,0.99979323,88.18280380070456,SCORED_TXN_07634,High,Manual Review / Alert
5.78,ATM Withdrawal,16388.92,Laptop,London,Travel,1,1,13,384.7,4,Amex,81,2819.19,Password,0,2023,10,5,13,3,1,1,0.7949944238686625,1,0.8817327652848567,1,0.8891910090057511,1,0.9997917,88.17327652848567,SCORED_TXN_06016,High,Manual Review / Alert
6.34,Bank Transfer,71726.72,Laptop,Mumbai,Electronics,0,0,12,259.12,4,Discover,152,1919.07,Biometric,0,2023,11,14,15,1,1,1,0.8048111149408693,1,0.8817120264046346,1,0.8830496087719025,1,0.99976104,88.17120264046346,SCORED_TXN_02012,High,Manual Review / Alert
34.74,ATM Withdrawal,97788.66,Laptop,Tokyo,Groceries,0,0,11,426.96,4,Amex,185,177.7,OTP,0,2023,3,18,7,5,1,1,0.805810553230777,1,0.8814382957945077,1,0.8746106088756853,1,0.9997936,88.14382957945077,SCORED_TXN_04153,High,Manual Review / Alert
36.77,POS,41756.04,Tablet,London,Restaurants,0,0,10,96.67,4,Mastercard,129,1646.47,Password,0,2023,12,13,22,2,1,1,0.8078216766730225,1,0.881377951895514,1,0.9046352887197494,1,0.9997552,88.13779518955141,SCORED_TXN_01826,High,Manual Review / Alert
33.65,Online,8562.23,Laptop,New York,Electronics,0,0,9,196.99,4,Discover,68,2147.32,OTP,0,2023,1,24,15,1,1,1,0.8179432476136189,1,0.8813002962334805,1,0.8830594478612905,1,0.9997893,88.13002962334805,SCORED_TXN_08482,High,Manual Review / Alert
14.93,ATM Withdrawal,74441.35,Laptop,Mumbai,Restaurants,0,1,9,209.73,4,Mastercard,180,90.7,OTP,0,2023,7,6,22,3,1,1,0.8121756330109623,1,0.8810312255666795,1,0.8708490898810273,1,0.99977833,88.10312255666794,SCORED_TXN_04021,High,Manual Review / Alert
121.65,Bank Transfer,82093.38,Tablet,London,Restaurants,0,0,12,228.41,4,Mastercard,102,2614.35,Password,0,2023,6,11,6,6,1,1,0.8081558734670545,1,0.8807683303856862,1,0.9175297072857044,1,0.99976116,88.07683303856862,SCORED_TXN_00750,High,Manual Review / Alert
69.02,Online,36077.57,Tablet,London,Groceries,0,0,6,225.91,4,Amex,170,2983.85,Password,0,2023,2,21,10,1,1,1,0.8108440340918306,1,0.8805762825331173,1,0.8854414164940736,1,0.9997812,88.05762825331172,SCORED_TXN_09246,High,Manual Review / Alert
